[
  {
    "questionText": "¿ Que es EVA?",
    "pista": "Aprendizaje",
    "intentosPermitidos": 3,
    "options": [
      {
        "text": "Ambiente digital para mejorar el aprendizaje",
        "isCorrect": true
      },
      {
        "text": "Ambiente para ver videos",
        "isCorrect": false
      }
    ],
    "time": "13.249856"
  },
  {
    "questionText": "¿Objetivo de eva?",
    "pista": "Experiencia",
    "intentosPermitidos": 3,
    "options": [
      {
        "text": "Brindar una mejor experiencia de aprendizaje",
        "isCorrect": true
      },
      {
        "text": "Poder ver videos",
        "isCorrect": false
      }
    ],
    "time": "33.525882"
  },
  {
    "questionText": "¿ De que trata el video?",
    "pista": "Entornos",
    "intentosPermitidos": 2,
    "options": [
      {
        "text": "sobre los entornos virtuales de aprendizaje",
        "isCorrect": true
      },
      {
        "text": "sobre ver videos",
        "isCorrect": false
      }
    ],
    "time": "78.700805"
  }
]